0,Бренд,Предмет,Артикул продавца,Артикул WB,Последний баркод,Текущая розн. цена (до скидки),"Текущая скидка на сайте, %",Минимальная цена,
1,P.I.T.,Электрорубанки,blandGHO110-C,104337340,2036868868191,8635,0,6192,
2,P.I.T.,Электрорубанки,blandGHO110-C1,104344538,2036869055224,9464,0,7400,
3,P.I.T.,Электрорубанки,blandPEP006L-D1blandPEP006L-D1,113294076,2039236027626,3317,0,2571,
4,P.I.T.,Электропилы цепные,blandPKE20H-405A,105042578,2036878491556,12000,0,9879,
5,P.I.T.,Электропилы цепные,blandPKE20H-405AblandPKE20H-405A,111773663,2038352041622,12000,0,9879,
6,P.I.T.,Электропилы цепные,blandPKE405-C5 PRO,147315793,2037490019388,7539,0,5590,
7,P.I.T.,Электропилы цепные,blandPKE405-C4,145297737,2037437290603,5452,0,3650,
8,P.I.T.,Электропилы цепные,blandPKE405-D1,145300489,2037437360023,4745,0,3290,
9,P.I.T.,Шуруповерты,blandPSR18-D1,87345556,2034747437629,4986,0,3490,
10,P.I.T.,Шуруповерты,blandPSB20H-10B/1,103050443,2036851201257,7079,6,5479,
11,P.I.T.,Шуруповерты,blandPSB20H-13A,103059287,2036851218552,3445,0,2500,
12,P.I.T.,Шуруповерты,blandPD03P3.6-006,103096823,2036851298622,1555,6,1100,
13,P.I.T.,Шуруповерты,blandPBM20H-10A/1,103031919,2036851155130,5595,6,4000,
14,P.I.T.,Шуруповерты,blandPSR20-C1blandPSR20-C1,111441793,2038046966620,5997,0,4690,
15,P.I.T.,Шуруповерты,blandPSR20-CblandPSR20-C,111445274,2038047532626,5291,8,3810,
16,P.I.T.,Шуруповерты,blandPSR14.4-D1blandPSR14.4-D1,111468595,2038052439620,3943,8,3820,
17,P.I.T.,Шуруповерты,blandPSR20-C2blandPSR20-C2,111440215,2038046588624,7634,0,6170,
18,P.I.T.,Шуруповерты,blandPID03001-12M2/BL,113389975,2039305327626,4759,6,3600,
19,P.I.T.,Шуруповерты,blandPSR24-C2blandPSR24-C2,111410671,2038038907624,8925,0,6337,
20,P.I.T.,Шуруповерты,blandPID03002-16M2/BLblandPID03002-16M2/BL,111409346,2038038254629,5842,8,4190,
21,P.I.T.,Шуруповерты,blandPSR12-C7blandPSR12-C7,112385521,2038783167625,4045,8,2900,
22,P.I.T.,Шуруповерты,PSB20H-13BSOLOblandPSB20H-13BSOLO,110257434,PSB20H-13gray,5778,0,4000,
23,P.I.T.,Шуруповерты,blandPSR12-C6blandPSR12-C6,112376840,2038782490625,3815,8,2720,
24,P.I.T.,Шуруповерты,blandPBM20H-10AblandPBM20H-10A,112088897,2038686022625,2279,0,1500,
25,P.I.T.,Шуруповерты,blandPSR12-C8blandPSR12-C8,111452118,2038048779624,4451,8,3200,
26,P.I.T.,Шуруповерты,blandPSB20H-10BblandPSB20H-10B,112083264,2038685467625,4216,0,2990,
27,P.I.T.,Шуруповерты,blandPBM10-C2blandPBM10-C2,113458453,2039394376628,2690,6,1870,
28,P.I.T.,Шуруповерты,blandPID03003-20M2/BLblandPID03003-20M2/BL,111405642,2038037254620,6623,8,4700,
29,P.I.T.,Шуруповерты,blandPSR16-CblandPSR16-C,111448304,2038047996626,4473,8,3190,
30,P.I.T.,Шуруповерты,blandPSR24-D1,146365032,2037465854686,5462,0,3240,
31,P.I.T.,Шуруповерты,blandPSR18-D4,149370918,2037544532351,5783,0,4850,
32,P.I.T.,Шуруповерты,blandPSR12-D,145286399,2037437006723,3018,0,2300,
33,P.I.T.,Шуруповерты,blandPSR14.4-D1F,145343646,2037438324611,4296,0,3100,
34,P.I.T.,Шуруповерты,blandPBM10-C1,145320429,2037437921620,2060,0,1500,
35,P.I.T.,Шуруповерты,blandPSR12-D1,145341538,2037438284946,3429,0,2500,
36,P.I.T.,Шуруповерты,blandPSR18-D4 Promo,149372766,2037544571404,4411,0,3737,
37,P.I.T.,Шуруповерты,bland_PSR12-D,149375498,2037544641107,2769,0,2249,
38,P.I.T.,Шуруповерты,blandPSB20H-13B,147310668,2037489918227,5778,0,4000,
39,P.I.T.,Шуруповерты,blandPSR18-D3,145538190,2037442664314,4489,0,3369,
40,P.I.T.,Шуруповерты,blandPSR24-C,145345594,2037438421839,5596,0,4000,
41,P.I.T.,Шуруповерты,blandPSR18-D1F,145344446,2037438339394,4580,0,3580,
42,P.I.T.,Шлифовальные машины,blandPPO180-C,87450870,2034785657621,5628,0,3996,удалить
43,P.I.T.,Шлифовальные машины,blandPWS20H-125C/1blandPWS20H-125C/1,111402288,2038036420620,9705,0,7000,
44,P.I.T.,Шлифовальные машины,blandPDS150-CblandPDS150-C,113456102,2039391589625,3986,0,2900,
45,P.I.T.,Шлифовальные машины,blandPPO180-CblandPPO180-C,110702914,2036975108623,5490,0,3898,удалить
46,P.I.T.,Шлифовальные машины,blandPBS75-CblandPBS75-C,111458917,2038049892629,5414,0,4030,
47,P.I.T.,Шлифовальные машины,blandPSP400-CblandPSP400-C,113455587,2039390756622,3354,0,2590,
48,P.I.T.,Шлифовальные машины,PWS125-C4,113451531,2039386530625,2648,0,1900,
49,P.I.T.,Шлифовальные машины,blandPPO125-C1blandPPO125-C1,113469597,2039403209626,4323,0,3200,
50,P.I.T.,Шлифовальные машины,blandPWS20H-125A/1blandPWS20H-125A/1,110692396,2036971909620,9924,0,7070,
51,P.I.T.,Шлифовальные машины,blandPWS20H-125CblandPWS20H-125C,113261338,2039215547626,4280,0,3160,
52,P.I.T.,Шлифовальные машины,blandPWS125-C6blandPWS125-C6,110583887,2036815200623,2969,0,2220,
53,P.I.T.,Шлифовальные машины,blandPWS180-DblandPWS180-D,111464647,2038051311620,4829,0,3429,удалить
54,P.I.T.,Шлифовальные машины,blandPWS150-C1blandPWS150-C1,111459970,2038050411628,4360,0,3130,
55,P.I.T.,Шлифовальные машины,blandPWS20H-125BSOLOblandPWS20H-125BSOLO,111036826,2037475486624,4997,0,3548,
56,P.I.T.,Шлифовальные машины,blandPWS20H-125A,145278887,2037436724932,4740,0,3300,
57,P.I.T.,Шлифовальные машины,blandPBS20H-75B ,148826522,2037528342525,6446,0,4577,
58,P.I.T.,Шлифовальные машины,blandPSP300-C,145326177,2037438016356,3290,0,2437,
59,P.I.T.,Шлифовальные машины,blandPWS125-C7,145339236,2037438150524,3713,0,2600,
60,P.I.T.,Шлифовальные машины,blandPWS20H-125B/1,148815651,2037528003327,9115,0,6472,
61,P.I.T.,Шлифовальные машины,blandPWS125-C5,145332744,2037438058134,2808,0,1994,
62,P.I.T.,Шлифовальные машины,blandPWS230-C2,145338088,2037438224706,6623,0,4702,
63,P.I.T.,Шлифовальные машины,blandPWP120-C,145540483,2037442719397,6062,0,4304,
64,P.I.T.,Шлифовальные машины,blandPBS20H-75A,149026925,2037534677857,7786,0,5528,
65,P.I.T.,Шлифовальные машины,blandPWS125-C4,145333617,2037438045042,2648,0,1900,
66,P.I.T.,Фрезеры,PER8-C,81919577,2032436706629,5099,0,3620,
67,P.I.T.,Фрезеры,blandPER12-CblandPER12-C,113303492,2039240155629,7859,0,5580,
68,P.I.T.,Фрезеры,blandPER8-C,145324893,2037438001932,4740,0,3365,
69,P.I.T.,Фонарики бытовые,blandPWL20H-3A,149031487,2037534801122,891,0,633,
70,P.I.T.,Фены технические,blandPHG2000-DblandPHG2000-D,111397298,2038035774625,1471,0,1044,
71,P.I.T.,Фены технические,blandPHG2001-CPROblandPHG2001-CPRO,110704297,2036975661623,4649,0,3301,
72,P.I.T.,Фены технические,blandPHG2000-CblandPHG2000-C,111402433,2038036635628,3108,0,2207,
73,P.I.T.,Триммеры садовые,PTR2000-EL,81783153,2032347244623,8202,0,5823,
74,P.I.T.,Триммеры садовые,blandPTR2000-EL,104608706,2036872253853,8000,0,5680,
75,P.I.T.,Триммеры садовые,blandPTR20H-250A/1,104597632,2036872100546,7035,0,4995,
76,P.I.T.,Триммеры садовые,blandP38-C,104599719,2036872143710,11410,0,8101,
77,P.I.T.,Триммеры садовые,blandP51021,104605277,2036872198215,7000,0,4970,
78,P.I.T.,Триммеры садовые,blandP75103АblandP75103А,112097288,2038688161629,8111,0,5759,
79,P.I.T.,Триммеры садовые,blandPTR 1500-EL,147313994,2037489969410,7159,0,5083,
80,P.I.T.,Точильные станки,PMTS1003-C,81913413,2032433423628,2959,0,2101,
81,P.I.T.,Точильные станки,blandPBG200-C1,104369158,2036869436245,5420,0,3848,
82,P.I.T.,Точильные станки,blandPBG150-C1,104361454,2036869366757,4291,0,3047,
83,P.I.T.,Точильные станки,blandPBG125-C1,104354961,2036869267412,3429,0,2435,
84,P.I.T.,Точильные станки,blandPMTS1003-C,145322072,2037437957186,3277,0,2327,
85,P.I.T.,Степлеры электрические,blandPST20H-15/1013AblandPST20H-15/1013A,111765984,2038346284622,4708,0,3343,
86,P.I.T.,Степлеры электрические,blandPST20H-30/625A ,149034070,2037534850236,6453,0,4582,
87,P.I.T.,Сварочные аппараты,blandPMIG220-С1blandPMIG220-С1,113468121,2039401468629,23369,0,16592,
88,P.I.T.,Сварочные аппараты,blandPMIG165-С1blandPMIG165-С1,113467462,2039401009624,16189,0,11494,
89,P.I.T.,Сварочные аппараты,blandPMI180-CblandPMI180-C,113294896,2039236424623,5222,8,3708,
90,P.I.T.,Сварочные аппараты,blandPMI220-CblandPMI220-C,111769563,2038348847627,6281,8,4460,
91,P.I.T.,Сварочные аппараты,blandPMI200-D1blandPMI200-D1,113299129,2039236915626,5029,0,3571,
92,P.I.T.,Сварочные аппараты,blandPMI250-CblandPMI250-C,111767630,2038347612622,8801,0,6249,
93,P.I.T.,Сварочные аппараты,blandPMI300-DblandPMI300-D,111766398,2038346720625,7303,8,5185,
94,P.I.T.,Сварочные аппараты,blandPMIG165-CblandPMIG165-C,113299641,2039237374620,14306,0,10157,
95,P.I.T.,Сварочные аппараты,blandPMIG205-CblandPMIG205-C,113300692,2039237755627,18730,8,13298,
96,P.I.T.,Сварочные аппараты,blandPMI140-CblandPMI140-C,111770184,2038349744628,5029,8,3571,
97,P.I.T.,Сварочные аппараты,blandPMI250-DblandPMI250-D,111766596,2038346924627,5869,0,4167,
98,P.I.T.,Рубанки ручные,blandР0010006blandР0010006,111455947,2038049248624,840,0,596,
99,P.I.T.,Реноваторы,blandPMT20H-035A/1,104574331,2036871720837,6699,6,4756,
100,P.I.T.,Реноваторы,blandPMT350-C1blandPMT350-C1,113375769,2039297453624,3140,0,2229,
101,P.I.T.,Реноваторы,blandPMT20H-035A,149035356,2037534907381,3217,0,2284,
102,P.I.T.,Радио,blandPJS20H-10А,149028988,2037534715214,3833,0,2721,
103,P.I.T.,Пылесосы строительные,blandPVC20H-0.5AblandPVC20H-0.5A,113293066,2039234596629,4301,0,3054,
104,P.I.T.,Пуско-зарядные устройства,blandPZU50-C1blandPZU50-C1,111770550,2038350120626,6313,0,4482,
105,P.I.T.,Пуско-зарядные устройства,blandPZU30-C1blandPZU30-C1,112077984,2038684624623,5066,0,3597,
106,P.I.T.,Пуско-зарядные устройства,blandPZU10-C2blandPZU10-C2,112076739,2038684050620,2632,0,1869,
107,P.I.T.,Пуско-зарядные устройства,blandPZU40-C1blandPZU40-C1,111770790,2038350373626,5965,0,4235,
108,P.I.T.,Прожекторы,blandPWL20H-20AblandPWL20H-20A,113457775,2039393641628,2846,0,2021,
109,P.I.T.,Пилы строительные,blandPCM355-C,105092837,2036878606189,9764,0,6932,
110,P.I.T.,Пилы строительные,blandPKS185-D1,105097436,2036879828887,4125,0,3061,
111,P.I.T.,Пилы строительные,blandPSA20H-115AblandPSA20H-115A,111774153,2038352288621,3670,0,2606,
112,P.I.T.,Пилы строительные,blandPCM355-C1blandPCM355-C1,111774951,2038352819627,13091,0,9295,
113,P.I.T.,Пилы строительные,blandPSA115-CblandPSA115-C,111774456,2038352569621,4970,0,3529,
114,P.I.T.,Пилы строительные,blandPKS185-C2blandPKS185-C2,111772808,2038351356628,4976,0,3877,
115,P.I.T.,Пилы строительные,blandPKS200-CblandPKS200-C,113291814,2039233890629,8100,0,5751,
116,P.I.T.,Пилы строительные,blandPMS89-MBblandPMS89-MB,111456987,2038049628624,2386,0,1694,
117,P.I.T.,Пилы строительные,blandPSA20H-115A/1,145291242,2037437142513,7120,0,5055,
118,P.I.T.,Пилы строительные,blandPKS20H-165A/1,145304760,2037437496593,10235,0,7267,
119,P.I.T.,Пилы строительные,blandPCM255-C3,145544570,2037442836513,18912,0,13428,
120,P.I.T.,Пилы строительные,blandPKS20H-165A,148817426,2037528107247,4955,0,3518,
121,P.I.T.,Пилы сабельные,blandPSA1200-C,145306501,2037437529093,5896,0,4186,
122,P.I.T.,Перфораторы,blandPBH24-C,87346255,2034747877623,4410,6,3131,
123,P.I.T.,Перфораторы,blandPBH20H-22A/1,87346308,2034747877647,14595,0,10362,
124,P.I.T.,Перфораторы,blandPBH26-C4,87346256,2034747877630,6912,0,4908,
125,P.I.T.,Перфораторы,blandPBH28-C3,104322305,2036868761539,6029,6,4281,
126,P.I.T.,Перфораторы,blandPBH24-C1blandPBH24-C1,113460872,2039396825629,5607,8,3981,
127,P.I.T.,Перфораторы,blandРВН28-СblandРВН28-С,110708304,2036977099622,6158,0,4372,
128,P.I.T.,Перфораторы,blandPBH20H-22AblandPBH20H-22A,111397513,2038035552629,9384,0,6663,
129,P.I.T.,Перфораторы,blandPBH28-C1blandPBH28-C1,113384124,2039301671624,6388,0,4535,
130,P.I.T.,Перфораторы,blandPBH32-C4blandPBH32-C4,113385794,2039302570629,8191,0,5816,
131,P.I.T.,Перфораторы,blandPBH24-C2blandPBH24-C2,113465586,2039399574623,4200,8,2982,
132,P.I.T.,Перфораторы,blandPBH26-C2blandPBH26-C2,110706852,2036976689626,5698,0,4046,
133,P.I.T.,Перфораторы,blandPBH28-C5blandPBH28-C5,113466366,2039400158620,6746,0,4790,
134,P.I.T.,Перфораторы,blandPBH32-C5blandPBH32-C5,113389968,2039305348621,8255,0,5861,
135,P.I.T.,Перфораторы,blandPBH20H-16AblandPBH20H-16A,113263337,2039216187623,3932,0,2792,
136,P.I.T.,Перфораторы,blandPBH24-CblandPBH24-C,110705850,2036976081628,4521,0,3210,
137,P.I.T.,Перфораторы,blandPBH28-C,147032508,2037480766162,6158,0,4372,
138,P.I.T.,Перфораторы,blandPBH20H-18A/1,148155229,2037510674016,7483,0,5313,
139,P.I.T.,Перфораторы,blandPBH20H-22B,148142817,2037510415466,8066,0,5727,
140,P.I.T.,Перфораторы,blandPBH28-C4,145289661,2037437084462,5382,0,3821,
141,P.I.T.,Перфораторы,blandPBH20H-22B/1,148141866,2037510363774,12611,0,8954,
142,P.I.T.,Отвертки,PD03P3.6-006,81880969,2032415344620,1541,0,1094,
143,P.I.T.,Отвертки,blandPES3.6P-24AblandPES3.6P-24A,111775620,2038353404624,2477,8,1759,
144,P.I.T.,Насосы циркуляционные,blandPOG32-SblandPOG32-S,111775833,2038353568623,2782,0,1975,
145,P.I.T.,Насосы циркуляционные,blandPOG25-SblandPOG25-S,111776477,2038354184624,2611,0,1854,
146,P.I.T.,Насосы погружные,blandPSW900-W2blandPSW900-W2,111931225,2038446135626,7073,0,5022,
147,P.I.T.,Насосы погружные,blandPSW300-D1,145288512,2037437061388,2691,0,1911,
148,P.I.T.,Насосные станции,blandPOG370-P1blandPOG370-P1,111766246,2038346492621,4569,0,3244,
149,P.I.T.,Насадки для УШМ,blandP0010003blandP0010003,113302891,2039238640625,1856,0,1318,
150,P.I.T.,Насадки для УШМ,blandP0010004blandP0010004,113302201,2039238301625,2498,0,1774,
151,P.I.T.,Наборы инструментов,blandPTS10-DblandPTS10-D,111931599,2038446543629,2338,0,1660,
152,P.I.T.,Мотобуры,blandP51211blandP51211,111932747,2038446889628,14825,0,10526,
153,P.I.T.,Молотки отбойные,blandGSH25-CblandGSH25-C,112038867,2038669086620,12482,0,8862,
154,P.I.T.,Молотки отбойные,blandGSH65-C2blandGSH65-C2,112036685,2038668139624,21095,0,14977,
155,P.I.T.,Молотки отбойные,blandGSH65-C1blandGSH65-C1,112037828,2038668553628,19775,0,14040,
156,P.I.T.,Молотки отбойные,blandGSH90-C1blandGSH90-C1,112034074,2038666841628,32430,0,23025,
157,P.I.T.,Молотки отбойные,blandGSH65-C3blandGSH65-C3,112034868,2038667522625,25193,0,17887,
158,P.I.T.,Молотки отбойные,blandGSH90-C2,145536521,2037442515616,26044,0,18491,
159,P.I.T.,Мойки высокого давления,blandPHP140-C,103099348,2036851369186,10090,0,7164,
160,P.I.T.,Мойки высокого давления,blandPHP120-CblandPHP120-C,112046239,2038670535629,6682,0,4744,
161,P.I.T.,Мойки высокого давления,blandPHP130-CblandPHP130-C,113281941,2039228962621,8121,0,5766,
162,P.I.T.,Миксеры для строительных смесей,blandPHM20H-120AblandPHM20H-120A,112052943,2038672005625,12655,6,8985,
163,P.I.T.,Миксеры для строительных смесей,blandPHM20H-120A,149032791,2037534841920,11287,0,8014,
164,P.I.T.,Лобзики,blandPST70-C1,87399479,2034765616631,2862,0,2032,
165,P.I.T.,Лобзики,blandPST90-C1,87399480,2034765616648,3900,0,2769,
166,P.I.T.,Лобзики,blandPST20H-70A/1,102601373,2036844791161,7060,6,5013,
167,P.I.T.,Лобзики,blandPST20H-70AblandPST20H-70A,112055821,2038673397620,3724,0,2644,
168,P.I.T.,Лобзики,blandPST20H-80A/1blandPST20H-80A/1,112054761,2038672784629,8244,0,5853,
169,P.I.T.,Лобзики,blandPST20H-80AblandPST20H-80A,113280967,2039224860624,4558,0,3236,
170,P.I.T.,Кусторезы электрические,blandPHE20H-450A,148809201,2037527889472,4901,0,3480,
171,P.I.T.,Краскопульты,blandPSG20H-900A,102598094,2036844753657,4030,6,2861,
172,P.I.T.,Краскопульты,blandPSG3022-CPRO,103077086,2036851241802,4349,0,3088,
173,P.I.T.,Краскопульты,blandPSG3021-CPROblandPSG3021-CPRO,113373946,2039296582622,4120,0,2925,
174,P.I.T.,Краскопульты,blandPSG3020-CblandPSG3020-C,113259115,2039214329629,3643,0,2587,
175,P.I.T.,Краскопульты,blandPSG3021-C PRO,147030736,2037480716617,4120,0,2925,
176,P.I.T.,Зарядные устройства для аккумуляторов,blandPH20-2.4A,99676271,2036802717387,958,0,680,
177,P.I.T.,Дрели,blandPHM120-CblandPHM120-C,113277799,2039222972626,7185,0,5101,
178,P.I.T.,Дрели,blandPSB13-C7blandPSB13-C7,113274666,2039221111620,3108,0,2207,
179,P.I.T.,Дрели,blandPSB13-C2blandPSB13-C2,113266933,2039217128625,2563,0,1820,
180,P.I.T.,Дрели,blandPBM10-DblandPBM10-D,110710616,2036977862622,2113,0,1500,
181,P.I.T.,Дрели,blandPSB13-C6blandPSB13-C6,113273263,2039218613625,2194,8,1558,
182,P.I.T.,Дрели,blandPSB13-C8blandPSB13-C8,110586609,2036816650625,3847,0,2731,
183,P.I.T.,Дрели,blandPSB16-CblandPSB16-C,113276945,2039222073620,7009,8,4976,
184,P.I.T.,Дрели,blandPSR18-D3 Promo,145547937,2037442949107,2910,0,2066,
185,P.I.T.,Дрели,blandPSB20H-13B/1,145531623,2037442537571,9213,0,6541,
186,P.I.T.,Дальномеры,blandPLD-60AblandPLD-60A,112070633,2038680253629,2675,0,1899,
187,P.I.T.,Дальномеры,blandPLD-40AblandPLD-40A,112072464,2038681205627,2269,0,1611,
188,P.I.T.,Дальномеры,blandPLD-30AblandPLD-30A,112074201,2038682732627,2050,0,1456,
189,P.I.T.,Граверы,blandPMG200-C1blandPMG200-C1,110577954,2036812982621,5061,0,3593,
190,P.I.T.,Граверы,blandPMG150-C,145203767,2037434340806,3365,0,2389,
191,P.I.T.,Гайковерты,blandPIW1100-СblandPIW1100-С,111737462,2038304922627,6560,0,4658,
192,P.I.T.,Гайковерты,blandPIW20H-300A/1,148160547,2037510723851,7353,0,5221,
193,P.I.T.,Гайковерты,blandPIW1050-C,145545783,2037442863434,6752,0,4794,
194,P.I.T.,Газонокосилки,PLM20H-330A/1,81671287,2032253099621,15932,0,11312,
195,P.I.T.,Газонокосилки,blandPLM37-C,104603659,2036872154013,8592,0,6100,
196,P.I.T.,Газонокосилки,blandPLM20H-330A/1,104580782,2036871791325,14759,6,10479,
197,P.I.T.,Газонокосилки,blandPLM32-CblandPLM32-C,110585467,2036815779624,6639,0,4714,
198,P.I.T.,Газонокосилки,blandPLM40-CblandPLM40-C,113260288,2039214811629,9710,0,6894,
199,P.I.T.,Воздуходувки,blandPBO20H-300A ,148161622,2037510788553,2456,0,1744,
200,P.I.T.,Вибраторы глубинные,blandPMV50-CblandPMV50-C,111038226,2037477768629,10604,0,7529,
201,P.I.T.,Вибраторы глубинные,blandP31035blandP31035,110696230,2036972738625,5147,0,3654,
202,P.I.T.,Вибраторы глубинные,blandPMV50-C1blandPMV50-C1,112092568,2038686913626,11251,8,7988,
203,P.I.T.,Блоки автоматики для насосов,blandPHC10-C1blandPHC10-C1,112093671,2038687205621,2365,0,1679,
204,P.I.T.,Блоки автоматики для насосов,blandPHC10-CblandPHC10-C,112095261,2038687542627,2611,0,1854,
205,P.I.T.,Бензопилы,blandGCS52-C3,105045898,2036878502856,7540,0,5353,
206,P.I.T.,Бензопилы,blandGCS52-C4,105050149,2036878553544,6609,0,4692,
207,P.I.T.,Аппараты для сварки труб,blandPWM43-C1blandPWM43-C1,113460388,2039396367624,1723,0,1223,
208,P.I.T.,Аппараты для сварки труб,blandPWM63-CblandPWM63-C,113382476,2039301388621,3889,0,2761,
209,P.I.T.,Аппараты для сварки труб,blandPWM32-DblandPWM32-D,113377513,2039298083622,1188,0,843,
210,P.I.T.,Аккумуляторы для электроинструмента,PH20-4.0,81723725,2032288975624,3643,0,2587,
211,P.I.T.,Аккумуляторы для электроинструмента,blandPH20-2.0,102480977,2036843565954,2204,0,1634,
212,P.I.T.,Аккумуляторы для электроинструмента,blandPH20-4.0,102485325,2036843586850,3643,0,2587,
213,P.I.T.,Аккумуляторы для электроинструмента,blandMak-12-1.5blandMak-12-1.5,111418234,2038040948622,1785,0,1267,
214,P.I.T.,Аккумуляторы для электроинструмента,blandBos-18Li-ionblandBos-18Li-ion,112080557,2038685209621,2535,0,1800,
215,P.I.T.,Аккумуляторы для электроинструмента,"blandMak-14,4-2,0blandMak-14,4-2,0",112921889,2038984992620,2215,6,1573,
216,P.I.T.,Аккумуляторы для электроинструмента,blandMak-18-3.0-LiblandMak-18-3.0-Li,113740937,2039572134620,3399,0,2413,
217,P.I.T.,Аккумуляторы для электроинструмента,blandHit-14.4-2.0blandHit-14.4-2.0,113745920,2039575208625,2420,0,1718,
218,P.I.T.,Аккумуляторы для электроинструмента,"blandHit-14,4-1,5blandHit-14,4-1,5",112915056,2038983149629,1995,6,1416,
219,P.I.T.,Аккумуляторы для электроинструмента,blandMak-18-1.5-LiblandMak-18-1.5-Li,113495640,2039420918624,2999,0,2129,
220,P.I.T.,Аккумуляторы для электроинструмента,"blandBos-12-1,5blandBos-12-1,5",111414046,2038040038620,1740,6,1235,
221,P.I.T.,Аккумуляторы для электроинструмента,blandBos-18-3.0-LiblandBos-18-3.0-Li,113496456,2039423773626,3845,0,2730,
222,P.I.T.,Аккумуляторы для электроинструмента,blandINT18-2.0.0NI-CDblandINT18-2.0.0NI-CD,111440723,2038046804625,2565,0,1821,
223,P.I.T.,Аккумуляторы для электроинструмента,blandBos-18-1.5-LiblandBos-18-1.5-Li,113492294,2039415592624,2695,0,1913,
224,P.I.T.,Аккумуляторы для электроинструмента,blandBos-18-2.0blandBos-18-2.0,113746868,2039575962626,2535,0,1800,
225,P.I.T.,Аккумуляторы для электроинструмента,blandBos-14.4-1.5-LiblandBos-14.4-1.5-Li,111419199,2038041486628,2210,6,1569,
226,P.I.T.,Аккумуляторы для электроинструмента,"blandBos-14,4-3,0-LiblandBos-14,4-3,0-Li",111447937,2038048064621,3410,6,2421,
227,P.I.T.,Аккумуляторы для электроинструмента,"blandMak-14,4-1,5blandMak-14,4-1,5",112917085,2038983525621,1935,6,1374,
228,P.I.T.,Аккумуляторы для электроинструмента,blandMak-18-4.0-LiblandMak-18-4.0-Li,113741014,2039572304627,2000,0,1420,
229,P.I.T.,Аккумуляторы для электроинструмента,blandDew-12-1.5LiblandDew-12-1.5Li,111412548,2038039533624,1290,0,916,
230,P.I.T.,Аккумуляторы для электроинструмента,blandMak-18-5.0-LiblandMak-18-5.0-Li,113741339,2039572805629,2500,0,1775,
231,P.I.T.,Аккумуляторы для электроинструмента,"blandHit-12-1,5blandHit-12-1,5",113742465,2039572998628,1760,6,1250,
232,P.I.T.,Аккумуляторы для электроинструмента,blandINT14.2-2.0NI-CDblandINT14.2-2.0NI-CD,112923081,2038985309625,2200,0,1562,
233,P.I.T.,Аккумуляторы для электроинструмента,"blandBos-14,4-1,5blandBos-14,4-1,5",111461004,2038050752622,1950,6,1385,
234,P.I.T.,Аккумуляторы для электроинструмента,"blandHit-12-2,0blandHit-12-2,0",113744574,2039574041629,2215,6,1573,
235,P.I.T.,Аккумуляторы для электроинструмента,blandBos-12-2.0-NI-MHblandBos-12-2.0-NI-MH,111406313,2038037420629,2265,0,1608,
236,P.I.T.,Аккумуляторы для электроинструмента,"blandMak-18-2,0blandMak-18-2,0",111436068,2038045526627,2580,6,1832,
237,P.I.T.,Аккумуляторы для электроинструмента,blandMak-12-2.0blandMak-12-2.0,113745299,2039574602622,1990,0,1413,
238,P.I.T.,Аккумуляторы для электроинструмента,blandMak-18-1.5blandMak-18-1.5,113746399,2039575429624,2260,0,1605,
239,P.I.T.,Аккумуляторы для электроинструмента,blandPH20-3.0blandPH20-3.0,111434036,2038045054625,2605,0,1850,
240,P.I.T.,Аккумуляторы для электроинструмента,blandBos-14.4-2.0-NI-MHblandBos-14.4-2.0-NI-MH,111407912,2038037950621,2390,0,1697,
241,P.I.T.,Аккумуляторы для электроинструмента,"blandMak-10,8-1,5-Li/SLblandMak-10,8-1,5-Li/SL",111409981,2038038474621,1155,0,820,
242,P.I.T.,Аккумуляторы для электроинструмента,"blandBos-14,4-1,5-Li",147143084,2037484241634,2210,0,1569,
243,P.I.T.,Аккумуляторы для электроинструмента,"blandMak-18-1,5",147003087,2037480131540,2260,0,1605,
244,P.I.T.,Аккумуляторы для электроинструмента,"blandMak-12-1,5",147008797,2037480279594,1785,0,1267,
245,P.I.T.,Аккумуляторы для электроинструмента,"blandMak-12-2,0",147005471,2037480220800,1990,0,1413,
246,P.I.T.,Аккумуляторы для электроинструмента,blandBOS-18 Li-ion,147028877,2037480690832,2535,0,1800,
247,P.I.T.,Аккумуляторы для электроинструмента,"blandDew -12-1,5-Li",147014112,2037480353065,1550,0,1101,
248,P.I.T.,Аккумуляторы для электроинструмента,"blandBos-18-2,0",147025684,2037480609513,2535,0,1800,
249,P.I.T.,Аккумуляторы для электроинструмента,"blandMak-10,8-1,5-Li /SL",147023852,2037480554530,1399,0,993,
250,P.I.T.,Аккумуляторы для электроинструмента,"blandHit-14,4-2,0",147022042,2037480528074,2420,0,1718,
251,P.I.T.,Аккумуляторы для электроинструмента,"blandBos 18-3,0-Li",147019454,2037480481577,3845,0,2730,
